log(E);de_log(E);dede_log(E);cepstrum;de_cepstrum;dede_cepstrum
0.343917760345;2.03425849053;5.16200263423;0.079502408845;0.369990421459;0.89389233592;