log(E);de_log(E);dede_log(E);cepstrum;de_cepstrum;dede_cepstrum
-11.3017848463;0.000890945845375;3.45383991694e-05;-8.67145990293;-0.000666238412738;-0.000109035889726;